corrente;lambda
0.000;0.0233786
0.302;0.1642032
0.604;0.5731844
0.800;1.0753021
1.000;1.7449

